term_str,n
the,2573
and,1594
a,1451
of,1233
to,1209
i,1180
in,861
he,797
was,766
that,596
it,539
you,528
his,490
with,465
at,417
her,392
had,381
she,371
on,371
for,336
me,325
as,277
him,273
from,247
but,243
my,242
said,233
all,233
out,211
this,210
we,201
gatsby,194
up,194
there,191
an,191
were,184
tom,175
or,173
into,168
if,165
about,157
by,150
daisy,147
one,146
they,146
when,144
have,143
over,140
be,140
then,137
so,137
what,128
is,126
like,120
down,118
,113
who,113
no,111
back,109
came,108
been,107
man,106
some,104
any,104
little,103
just,100
do,100
know,98
now,97
not,97
its,96
dont,96
before,91
went,91
house,91
project,90
after,88
eyes,86
come,85
got,85
see,84
mr,84
old,83
didnt,82
looked,82
other,81
time,81
them,81
your,78
away,76
way,75
more,75
get,74
new,73
car,73
two,72
which,72
im,72
night,71
us,71
moment,70
around,70
going,70
are,69
go,69
through,68
door,68
gatsbys,67
something,66
here,66
well,66
think,64
never,64
turned,64
people,63
jordan,63
hand,63
made,63
long,63
wilson,62
could,62
very,61
too,60
where,59
want,59
voice,58
work,56
again,56
gutenbergtm,56
their,55
room,55
first,55
knew,54
right,54
only,53
would,52
did,52
face,52
saw,52
look,51
began,50
id,48
while,48
took,48
sport,47
girl,47
toward,47
thought,47
because,46
off,45
last,45
even,45
told,44
young,44
asked,43
day,43
heard,43
white,42
light,42
afternoon,42
must,42
name,42
until,41
how,41
thats,40
suddenly,40
head,40
ill,40
men,40
left,40
can,40
years,39
ive,39
wasnt,39
seemed,39
hands,38
under,38
hour,38
miss,38
oh,38
found,38
baker,38
west,38
much,37
once,37
say,37
than,37
most,36
another,36
half,36
why,35
next,35
tell,35
upon,35
daisys,35
thing,35
three,35
without,35
looking,34
cant,34
each,34
full,34
minute,34
though,34
small,34
egg,33
always,33
against,33
works,33
sat,32
things,32
nothing,32
five,32
alone,32
gutenberg,32
table,31
youre,31
front,31
mrs,31
seen,31
along,31
own,31
cried,31
world,30
great,30
together,30
life,30
make,30
good,30
sound,30
himself,29
called,29
morning,29
still,29
anything,29
york,29
take,28
stood,28
those,28
our,28
ever,28
these,28
couldnt,28
will,28
electronic,27
let,27
every,27
wanted,27
moved,27
hes,27
home,27
side,26
across,26
gave,26
might,26
four,26
inquired,26
few,26
garage,26
shes,26
such,25
rather,25
dark,25
air,25
set,25
later,25
hot,25
wolfshiem,24
open,24
oclock,24
started,24
money,24
demanded,24
hear,24
steps,24
love,24
felt,24
between,24
terms,24
feet,23
nick,23
word,23
broke,23
walked,23
sort,23
course,23
gone,23
give,22
myrtle,22
almost,22
lawn,22
town,22
garden,22
yellow,22
everything,22
wouldnt,22
days,22
east,22
wife,22
foundation,22
married,22
hair,22
yes,22
among,21
end,21
has,21
blue,21
theres,21
girls,21
beside,21
met,21
place,21
road,21
put,21
buchanan,21
states,21
may,21
hadnt,21
michaelis,21
matter,20
agreement,20
used,20
windows,20
city,20
chicago,20
god,20
drive,20
rose,20
use,20
woman,20
trying,20
stopped,20
heart,19
except,19
year,19
loved,19
business,19
telephone,19
perhaps,19
tried,19
summer,19
body,19
copyright,19
big,19
ago,19
party,19
ought,18
doesnt,18
mean,18
dozen,18
brought,18
island,18
idea,18
copy,18
behind,18
far,18
itself,18
fact,18
call,18
passed,18
better,18
evening,18
inside,18
several,18
outside,18
slowly,18
license,17
whole,17
am,17
wont,17
rain,17
answered,17
happened,17
sure,17
many,17
sitting,17
times,17
same,17
office,17
person,17
myself,17
chair,17
fell,17
sent,17
high,17
find,17
window,17
shook,17
friend,17
hard,17
opened,17
believe,16
standing,16
green,16
somebody,16
arrived,16
live,16
waited,16
bought,16
nodded,16
bed,16
porch,16
butler,16
insisted,16
remember,16
bright,16
talked,16
already,16
followed,15
speak,15
least,15
leaned,15
immediately,15
reached,15
donations,15
united,15
drove,15
understand,15
hall,15
theyre,15
effort,15
dress,15
enough,15
suppose,15
mckee,15
anyone,15
expression,15
stared,15
glanced,15
certain,15
getting,15
train,15
ask,15
close,15
grey,15
quickly,15
whats,15
laughed,15
wait,15
dog,15
words,15
being,15
pretty,14
wilsons,14
hundred,14
catherine,14
both,14
literary,14
care,14
oxford,14
week,14
cold,14
policeman,14
women,14
toms,14
george,14
someone,14
held,14
short,14
longer,14
havent,14
isnt,14
really,14
cars,14
book,14
read,14
minutes,14
cool,14
mouth,14
tomorrow,14
stop,14
crazy,14
past,14
arm,14
explained,14
husband,14
pale,14
floor,14
street,14
heat,14
suggested,14
coat,14
sit,13
taking,13
whispered,13
suit,13
keep,13
war,13
ran,13
late,13
change,13
shoulder,13
please,13
information,13
continued,13
archive,13
ebook,13
leaving,13
part,13
hed,13
sometimes,13
laughter,13
sight,13
lay,13
nice,13
wind,13
youve,13
deep,13
lunch,13
forward,13
pulled,13
trademark,13
family,13
arms,13
hurried,12
nose,12
remarked,12
does,12
jay,12
including,12
surprised,12
since,12
killed,12
drink,12
sister,12
leave,12
known,12
finally,12
play,12
added,12
talk,12
coupé,12
raised,12
either,12
smiled,12
somewhere,12
dead,12
forever,12
start,12
curious,12
grass,12
faces,12
pool,12
trees,12
anyhow,12
less,12
run,12
boy,12
voices,11
paragraph,11
single,11
mind,11
lights,11
wild,11
lost,11
story,11
quality,11
phone,11
dinner,11
lets,11
lived,11
rest,11
forth,11
glad,11
warm,11
parties,11
enormous,11
station,11
library,11
large,11
doing,11
couch,11
should,11
bad,11
cody,11
repeated,11
silver,11
picture,11
saying,11
laws,11
second,11
mine,11
beyond,11
making,11
having,11
wet,11
lips,11
kind,11
kept,11
black,11
wall,10
romantic,10
upstairs,10
happen,10
lovely,10
weve,10
aware,10
glass,10
low,10
lot,10
whom,10
agreed,10
forget,10
faintly,10
conversation,10
fine,10
spoke,10
rang,10
remembered,10
wed,10
silence,10
doctor,10
access,10
help,10
fingers,10
coming,10
youll,10
asleep,10
turning,10
turn,10
wants,10
question,10
move,10
within,10
physical,10
sick,10
carraway,10
real,10
talking,10
sloane,10
feel,10
trembling,10
funny,10
middle,10
line,10
refund,10
everybody,10
sun,9
crowd,9
holding,9
yet,9
shadow,9
rooms,9
associated,9
touch,9
driving,9
true,9
corner,9
terrible,9
agree,9
trouble,9
answer,9
moon,9
breath,9
hesitated,9
feeling,9
occurred,9
country,9
named,9
church,9
everyone,9
college,9
watch,9
drew,9
forgotten,9
meet,9
ear,9
twilight,9
unfamiliar,9
jordans,9
complete,9
walking,9
listen,9
eagerly,9
beat,9
slightly,9
stand,9
tea,9
goodbye,9
wire,9
child,9
kitchen,9
confused,9
free,9
sky,9
following,9
murmur,9
laugh,9
thirty,9
wonder,9
dust,9
series,9
broken,9
accepted,9
taken,9
gatz,9
biloxi,9
exclaimed,9
weeks,9
eat,9
stayed,9
whose,9
beach,9
drunk,9
presence,9
became,9
pause,9
included,9
sleep,9
afraid,9
hope,8
smile,8
impression,8
wheel,8
whereupon,8
done,8
caught,8
politely,8
shape,8
given,8
rich,8
dan,8
names,8
darkness,8
father,8
calling,8
ten,8
reach,8
sorry,8
human,8
buy,8
crowded,8
foot,8
sea,8
point,8
thin,8
fee,8
fifty,8
particular,8
closed,8
youd,8
ebooks,8
subject,8
thick,8
evidently,8
filled,8
poor,8
during,8
died,8
taxi,8
silent,8
paid,8
water,8
try,8
gay,8
phrase,8
faint,8
however,8
absolutely,8
often,8
bay,8
chauffeur,8
dim,8
hardly,8
moving,8
quite,8
neither,8
whenever,8
friends,8
lady,8
certainly,8
months,8
june,8
werent,8
guests,8
limited,8
future,8
opening,8
copies,8
pushed,8
hello,8
object,7
village,7
below,7
realized,7
urged,7
scene,7
believed,7
books,7
clothes,7
sharp,7
law,7
interrupted,7
distributing,7
played,7
servants,7
show,7
faded,7
form,7
fantastic,7
louisville,7
wrong,7
newspaper,7
near,7
fool,7
overhead,7
abruptly,7
solemn,7
meyer,7
says,7
flowers,7
dropped,7
dreams,7
anybody,7
sad,7
yourself,7
glance,7
dollars,7
cheerful,7
till,7
letter,7
wide,7
host,7
located,7
also,7
provide,7
leaves,7
houses,7
looks,7
section,7
secret,7
gold,7
engaged,7
edge,7
impatiently,7
else,7
jumped,7
brown,7
police,7
noon,7
scarcely,7
soft,7
disappeared,7
lower,7
above,7
best,7
driver,7
medium,7
thinking,7
remark,7
park,7
changed,7
excited,7
beautiful,7
coffee,7
number,7
order,7
klipspringer,7
beauty,7
wolfshiems,7
invited,7
champagne,7
hotel,7
blew,7
month,7
threw,7
sharply,7
hours,7
excitement,7
familiar,7
state,7
fresh,7
waiting,7
thousand,6
affair,6
vanished,6
step,6
afterward,6
fellow,6
singing,6
beneath,6
bottle,6
charge,6
shall,6
strained,6
apartment,6
tears,6
bridge,6
shirts,6
comply,6
cannot,6
spring,6
red,6
provided,6
orchestra,6
contact,6
able,6
whatever,6
kissed,6
floated,6
dream,6
casually,6
probably,6
figure,6
clock,6
confusion,6
row,6
circle,6
dance,6
further,6
objected,6
shining,6
apparently,6
leaning,6
using,6
today,6
supposed,6
beginning,6
rested,6
livingroom,6
dresses,6
request,6
discovered,6
gate,6
downstairs,6
six,6
song,6
strange,6
interested,6
support,6
mistake,6
permission,6
shed,6
finding,6
present,6
backward,6
incessantly,6
appeared,6
stiff,6
staring,6
soon,6
distribute,6
colour,6
reason,6
stretched,6
history,6
children,6
guessed,6
whisky,6
stay,6
tax,6
obviously,6
early,6
pleasant,6
distribution,6
nine,6
movement,6
returned,6
pardon,6
accident,6
ice,6
attention,6
grew,6
james,6
j,6
goes,6
trust,6
muttered,6
promise,6
herself,6
tree,6
loud,6
polite,6
shaking,6
distance,6
notice,6
wondered,6
assured,6
flat,6
nobody,6
casual,6
damp,6
b,6
ghostly,6
mint,6
curtains,6
pair,6
invisible,6
understood,6
hold,6
mother,6
suggestion,6
mans,6
bound,6
golf,6
dawn,6
helped,6
drawn,6
view,6
fall,6
lucille,6
nervous,6
pink,6
changing,5
embarrassment,5
gorgeous,5
removed,5
intensity,5
france,5
shoes,5
pieces,5
case,5
square,5
funeral,5
produced,5
others,5
hat,5
careless,5
act,5
stars,5
piano,5
received,5
thrilling,5
elevator,5
truth,5
mile,5
lavender,5
touching,5
thanks,5
gas,5
glasses,5
lying,5
gardener,5
groaning,5
remained,5
incredulously,5
pay,5
web,5
memory,5
various,5
spread,5
position,5
golden,5
interesting,5
pockets,5
running,5
liked,5
jimmy,5
intimate,5
restless,5
beg,5
murmured,5
son,5
autumn,5
gathered,5
touched,5
neck,5
wwwgutenbergorg,5
grave,5
brick,5
hundreds,5
lie,5
general,5
drank,5
list,5
compliance,5
violently,5
expected,5
canvas,5
cry,5
shoulders,5
hastily,5
moonlight,5
convinced,5
t,5
rushed,5
slender,5
sounded,5
eckleburg,5
reluctant,5
waved,5
top,5
carry,5
throwing,5
snapped,5
drifted,5
maybe,5
piece,5
mounted,5
tight,5
continually,5
ones,5
drugstore,5
aloud,5
damned,5
persistent,5
meant,5
ground,5
comes,5
excitedly,5
knows,5
excuse,5
immediate,5
address,5
ahead,5
alive,5
waiter,5
twelve,5
death,5
ashheaps,5
shore,5
shot,5
enchanted,5
keeping,5
movements,5
watched,5
throw,5
glowing,5
informed,5
cut,5
constant,5
become,5
spot,5
superior,5
montenegro,5
emerged,5
cigarettes,5
tone,5
definitely,5
1f3,5
leather,5
mansion,5
difference,5
instead,5
army,5
marble,5
lake,5
uniform,5
american,5
emotion,5
age,5
chance,5
movies,5
walk,5
violent,5
music,5
blind,5
mixed,5
cousin,5
begun,5
cocktails,5
interest,5
bedroom,5
pick,5
picked,5
innocently,5
protected,5
restaurant,5
means,5
connection,5
common,5
elaborate,5
anywhere,5
individual,5
saturday,5
towards,5
personal,5
volunteers,5
quiet,5
worried,5
vague,5
enjoyed,5
dressed,5
sunlight,5
startled,5
worlds,5
upper,5
lap,5
yard,5
automobiles,5
supper,5
card,5
husky,5
polo,5
surprise,5
boys,5
freely,5
follow,5
1e1,5
ride,5
check,5
grotesque,5
lifted,5
cigarette,5
group,5
vitality,5
photograph,5
replacement,5
gradually,5
ashes,5
sudden,5
beating,5
receiver,5
yacht,5
doubt,5
dignified,4
absorbed,4
belonged,4
gets,4
railroad,4
wives,4
sank,4
note,4
owner,4
chin,4
private,4
paper,4
shows,4
trains,4
deal,4
places,4
angry,4
direction,4
twenty,4
themselves,4
helplessly,4
plaza,4
arent,4
uneasy,4
damages,4
determined,4
absolute,4
sinister,4
hate,4
nor,4
eternal,4
harsh,4
baedeker,4
roosevelt,4
speaking,4
control,4
season,4
tired,4
invite,4
seem,4
grow,4
copying,4
paying,4
costume,4
strolled,4
straw,4
lit,4
perfect,4
swimming,4
fire,4
string,4
straight,4
introduction,4
completely,4
1e8,4
intention,4
cost,4
spent,4
star,4
scorn,4
pursued,4
amount,4
admired,4
unless,4
usually,4
dusk,4
mothers,4
bit,4
huge,4
nights,4
drawingroom,4
main,4
blankly,4
entered,4
manner,4
nurse,4
miles,4
flushed,4
simply,4
butlers,4
worked,4
parted,4
bent,4
haven,4
smoke,4
extraordinary,4
different,4
game,4
drugstores,4
starting,4
milk,4
slowed,4
somehow,4
papers,4
chatter,4
frightened,4
mad,4
visible,4
vivid,4
awful,4
heres,4
concealed,4
site,4
pump,4
motor,4
ended,4
tragic,4
force,4
buchanans,4
sidewalk,4
desolate,4
curiosity,4
french,4
boat,4
gentleman,4
company,4
swinging,4
eight,4
need,4
utterly,4
creating,4
merely,4
status,4
youth,4
tonight,4
store,4
anxiously,4
wondering,4
quick,4
rhythm,4
sunshine,4
attempt,4
breaking,4
pointing,4
bring,4
tipped,4
corners,4
opportunity,4
plan,4
gleaming,4
gardens,4
finn,4
advertisement,4
share,4
demand,4
ladies,4
july,4
glistening,4
charming,4
decisively,4
providing,4
editions,4
veranda,4
dogs,4
embarrassed,4
rosy,4
chester,4
interior,4
oughtnt,4
neighbour,4
realize,4
luncheon,4
mentioned,4
broad,4
seven,4
wreck,4
mission,4
surprising,4
quarter,4
impassioned,4
rock,4
fifth,4
wagon,4
written,4
gaod,4
online,4
character,4
increased,4
fees,4
f,4
distributed,4
crossed,4
collection,4
christmas,4
hill,4
forty,4
statement,4
stepped,4
wedding,4
gaiety,4
tower,4
pointed,4
news,4
neighbours,4
avenue,4
reading,4
admitted,4
england,4
yawned,4
forgot,4
necessary,4
jazz,4
midnight,4
popular,4
assumed,4
sentimental,4
return,4
covered,4
owleyed,4
shortly,4
pressed,4
described,4
madame,4
basket,4
central,4
entirely,4
aside,4
apart,4
requirements,4
land,4
listening,4
profound,4
bath,4
raw,4
oggsford,4
hulking,4
race,4
em,4
blown,4
possessed,4
stuff,4
ordered,4
empty,4
happy,4
questions,4
pages,4
dock,4
balancing,4
sentence,4
broadway,4
efforts,4
displaying,4
presently,4
slid,4
nearly,4
blessed,4
service,4
ale,4
hydroplane,4
decided,4
important,4
parents,4
wiped,4
tip,4
posted,4
dancing,4
gives,4
format,4
holder,4
de,4
printed,4
yards,4
pocket,4
pride,4
sprang,4
lawns,4
colossal,4
announced,4
official,4
breakfast,4
shock,4
date,4
fixed,4
writing,4
likely,4
reminded,4
thrown,4
corrected,4
nodding,4
locked,4
bond,4
sunday,4
snow,4
carried,4
north,4
shell,4
yale,4
s,4
suspected,4
wan,4
gravel,4
gesture,4
wandered,4
rear,4
drop,4
vaguely,4
instinct,4
jersey,4
sand,3
ella,3
streets,3
learn,3
clerks,3
perceptible,3
keenly,3
formed,3
muffled,3
shake,3
defective,3
mirror,3
guess,3
bedrooms,3
loneliness,3
beads,3
raced,3
loves,3
wish,3
wake,3
email,3
horns,3
delighted,3
ready,3
paragraphs,3
power,3
o,3
winter,3
innumerable,3
limitation,3
exempt,3
forms,3
wallet,3
complying,3
pearls,3
directly,3
1919,3
incredulous,3
outdoors,3
powdered,3
frowned,3
decision,3
clean,3
south,3
implied,3
investigation,3
nobodys,3
julep,3
proprietor,3
intently,3
fitzgerald,3
royalties,3
finished,3
whered,3
doubtfully,3
shivered,3
join,3
liability,3
stables,3
tense,3
eye,3
mistress,3
derivative,3
regular,3
stir,3
increasing,3
key,3
brakes,3
fallen,3
physically,3
fainted,3
tangible,3
safe,3
sir,3
knee,3
repeat,3
telephoned,3
brother,3
shrill,3
metropole,3
kaye,3
gravely,3
contain,3
furniture,3
annoyed,3
hers,3
bother,3
purposeless,3
fields,3
stuck,3
whether,3
cheek,3
automatically,3
emotions,3
generations,3
clear,3
confirmed,3
santa,3
parts,3
user,3
fellas,3
civet,3
hint,3
reports,3
minister,3
yeah,3
satisfaction,3
borrowed,3
electric,3
founded,3
4,3
unutterable,3
hips,3
damn,3
metal,3
bloomed,3
player,3
bells,3
courage,3
blurred,3
glow,3
marked,3
snap,3
devil,3
objects,3
limousine,3
undergraduate,3
educated,3
famous,3
brain,3
promised,3
irresistible,3
handkerchief,3
purpose,3
shadows,3
content,3
begin,3
warranties,3
timetable,3
intense,3
infantry,3
effect,3
actually,3
major,3
incident,3
material,3
doors,3
silk,3
shoe,3
enthusiastically,3
officer,3
relieved,3
built,3
significance,3
hesitation,3
rumours,3
defect,3
instant,3
valley,3
compelled,3
stairs,3
exactly,3
third,3
welcome,3
involuntarily,3
conception,3
phase,3
approached,3
royalty,3
elbow,3
telling,3
palace,3
flow,3
page,3
flashed,3
tournament,3
payments,3
wrote,3
absence,3
moments,3
mention,3
belong,3
drift,3
sold,3
bare,3
mattered,3
burst,3
italian,3
property,3
enthusiasm,3
playing,3
contemptuous,3
handed,3
baby,3
accidental,3
europe,3
reluctance,3
track,3
introduced,3
ragged,3
links,3
alongshore,3
owns,3
destiny,3
ideas,3
arrange,3
g,3
addressed,3
centre,3
flipped,3
liable,3
express,3
jerk,3
yachting,3
simultaneously,3
public,3
mattress,3
desk,3
nod,3
sell,3
decade,3
thinks,3
3,3
searched,3
grown,3
dull,3
1e7,3
sweat,3
pantry,3
whod,3
woke,3
halfway,3
careful,3
higher,3
hovered,3
ripped,3
instantly,3
elevated,3
finnish,3
swaying,3
suns,3
bird,3
scepticism,3
infinitely,3
walter,3
candles,3
legal,3
hospitality,3
barbara,3
mckees,3
officers,3
r,3
intended,3
radiant,3
peculiar,3
hell,3
vigil,3
absurd,3
secure,3
throat,3
shut,3
western,3
based,3
drawer,3
heads,3
fast,3
enter,3
actual,3
lightly,3
equipment,3
earnestly,3
disclaimer,3
camp,3
tattle,3
bore,3
cocktail,3
coats,3
considerable,3
drawing,3
hush,3
swollen,3
sports,3
pressure,3
scolding,3
theyll,3
gust,3
chain,3
verge,3
vast,3
halfpast,3
easy,3
foundations,3
bored,3
asserted,3
incessant,3
sign,3
breeze,3
giving,3
cap,3
opinion,3
lingered,3
cared,3
celebrated,3
complained,3
bizarre,3
slow,3
dumb,3
rules,3
unexpected,3
gonnegtion,3
kiss,3
handsome,3
artificial,3
momentarily,3
thinning,3
resolved,3
dear,3
fight,3
older,3
suits,3
hung,3
created,3
goin,3
warned,3
panic,3
uncertain,3
falling,3
calmly,3
longest,3
oranges,3
confirmation,3
wings,3
surprisingly,3
tray,3
frowning,3
thatll,3
incoherent,3
deliberately,3
spend,3
flattered,3
lots,3
failed,3
applicable,3
difficulty,3
ceiling,3
exciting,3
sober,3
earth,3
sheer,3
served,3
violence,3
folds,3
absently,3
clouds,3
dry,3
breathlessly,3
scared,3
performing,3
length,3
tostoffs,3
october,3
lighted,3
stable,3
tribute,3
mystery,3
breathing,3
awed,3
fully,3
highballs,3
source,3
clan,3
doorway,3
sauntered,3
selfcontrol,3
stranger,3
glimpse,3
magazine,3
eluded,3
national,3
argument,3
needed,3
send,3
situation,3
save,3
bootlegger,3
indignantly,3
rubies,3
rising,3
crushed,3
naturally,3
ecstatic,3
space,3
cause,3
gasoline,3
noticed,3
daddy,3
practical,3
living,3
additional,3
obtain,3
wires,3
eyebrows,3
unusual,3
shrubbery,3
armistice,3
worn,3
1e9,3
bonds,3
tapped,3
alert,3
bending,3
shouted,3
wreath,3
orders,3
boots,3
circumstances,3
worse,3
glancing,3
drifting,3
breathless,3
liquor,3
nevertheless,3
wear,3
towns,3
horse,3
rise,3
bar,3
stout,3
remarks,3
meaning,3
apartments,3
special,3
lemons,3
ease,3
haunted,3
scott,3
sense,3
seeing,3
sing,3
untrue,3
skin,3
aunt,3
stopping,3
entity,3
halt,3
weather,3
hoped,3
rush,3
dances,3
study,3
perfectly,3
worth,3
towel,3
donate,3
promising,3
granted,3
waving,3
odour,3
circles,2
saxophones,2
tongue,2
rapidly,2
newspapers,2
poured,2
indicating,2
accounting,2
leg,2
sh,2
wherever,2
sung,2
separated,2
quieter,2
scientific,2
choked,2
thered,2
softly,2
metallic,2
button,2
versailles,2
diminished,2
consequence,2
tangled,2
conscientious,2
cemetery,2
engrossed,2
halls,2
viii,2
settee,2
manycoloured,2
practice,2
dimly,2
hearse,2
resolves,2
acting,2
eastern,2
hilarity,2
strangers,2
vines,2
decency,2
slipped,2
murmurous,2
reality,2
bonafide,2
reasons,2
pennsylvania,2
begins,2
sturdy,2
astonishment,2
gathering,2
latest,2
damage,2
invented,2
seat,2
deferred,2
surer,2
attain,2
deeper,2
shirt,2
triumphantly,2
government,2
whys,2
unrolled,2
obtaining,2
bursts,2
pull,2
remaining,2
struggling,2
tuolomee,2
riding,2
english,2
supercilious,2
etc,2
dirty,2
beard,2
credit,2
powerful,2
unmistakable,2
joined,2
absorbing,2
cheap,2
neighbourhood,2
harm,2
unusually,2
domain,2
exercise,2
turbulent,2
break,2
deft,2
bob,2
intermittent,2
instinctively,2
splendid,2
foul,2
identified,2
honour,2
powder,2
brass,2
minnesota,2
scrutinized,2
hunted,2
capacity,2
legally,2
bag,2
rosycoloured,2
hedge,2
coloured,2
ball,2
suspiciously,2
duster,2
whitewashed,2
din,2
confident,2
paternal,2
jut,2
defiant,2
90,2
courtesy,2
wwwgutenbergorgdonate,2
movingpicture,2
easier,2
stale,2
catholic,2
established,2
sob,2
middleaged,2
bothering,2
correct,2
explanations,2
cordial,2
appropriate,2
attempting,2
contralto,2
everythings,2
jewels,2
alongside,2
testimony,2
wrapped,2
theyd,2
melancholy,2
ascii,2
impressive,2
holiday,2
ditch,2
yorkand,2
swept,2
savagely,2
food,2
contour,2
automobile,2
sunstrained,2
fix,2
swing,2
honey,2
warranty,2
st,2
legs,2
subway,2
cynical,2
laden,2
sunken,2
transcription,2
nephew,2
literally,2
arrangement,2
iti,2
winked,2
overwhelming,2
massed,2
groped,2
alarmed,2
contempt,2
tennis,2
ceaselessly,2
happens,2
examined,2
meeting,2
sang,2
wail,2
narrowed,2
melody,2
lather,2
crossly,2
eyesore,2
smashed,2
gazed,2
society,2
particularly,2
desired,2
visit,2
eighty,2
consciousness,2
farther,2
motionless,2
arrivals,2
profoundly,2
caterers,2
cigar,2
freedom,2
attracted,2
reuse,2
replaced,2
sped,2
widest,2
count,2
generation,2
blinds,2
iv,2
compressed,2
scenes,2
monte,2
judgements,2
halfhour,2
gown,2
hurt,2
soggy,2
per,2
hostile,2
genially,2
lieutenant,2
delicately,2
blocks,2
wicker,2
houseparty,2
prominently,2
speech,2
owe,2
possessions,2
itand,2
ballroom,2
innuendo,2
frightening,2
oil,2
tries,2
addition,2
costs,2
jaunty,2
memories,2
causing,2
aggressively,2
whispers,2
garnished,2
flashing,2
permitted,2
hushed,2
blond,2
surface,2
seats,2
horrible,2
magic,2
wheeled,2
proud,2
exchanged,2
none,2
bill,2
selling,2
indicate,2
dismissed,2
swallowed,2
initiative,2
cutting,2
warmth,2
bakers,2
resemblance,2
protect,2
sees,2
pointthe,2
beamed,2
dogleash,2
consoling,2
pressing,2
mens,2
solid,2
gloom,2
unpleasant,2
thomas,2
missed,2
mysterious,2
maid,2
cooked,2
earl,2
receipt,2
remote,2
precisely,2
mantelpiece,2
taxicabs,2
sisters,2
bear,2
crimson,2
ring,2
lieu,2
unreal,2
inexplicable,2
chrysties,2
bow,2
abandoned,2
wave,2
paused,2
rule,2
lover,2
leaking,2
weekends,2
solicit,2
simon,2
shocked,2
tanned,2
impossible,2
sixty,2
procession,2
midsummer,2
1c,2
boom,2
descended,2
pointlessly,2
wisp,2
drops,2
glowed,2
inventions,2
grocery,2
contained,2
sworn,2
brewer,2
tiptoes,2
elicited,2
womens,2
haughty,2
struggles,2
dismayed,2
tiny,2
codys,2
drinking,2
owned,2
improving,2
oddly,2
represented,2
redolent,2
pushing,2
eighteen,2
stupid,2
deranged,2
squeezed,2
clearly,2
starts,2
personality,2
appears,2
hurrying,2
tumbled,2
amazing,2
waste,2
prevented,2
extinguished,2
ferdie,2
registered,2
tent,2
shifting,2
pleasantly,2
haughtily,2
nowhere,2
flower,2
universe,2
unhappy,2
compliment,2
runs,2
block,2
brisk,2
momentary,2
excused,2
marshes,2
vladmir,2
trousers,2
tall,2
colours,2
gloomily,2
level,2
wheat,2
path,2
fragment,2
wavered,2
tough,2
wheres,2
unpleasantness,2
destroy,2
adding,2
match,2
reaction,2
habit,2
hasty,2
gotten,2
ate,2
flushing,2
shame,2
veiled,2
amazed,2
conceal,2
roofs,2
concerning,2
cardboard,2
denied,2
drizzle,2
america,2
active,2
commuting,2
disappointment,2
knowing,2
bringing,2
audible,2
doc,2
concerned,2
spilled,2
coward,2
snobbishly,2
montenegros,2
appearance,2
largest,2
counter,2
resting,2
ghastly,2
securities,2
intellectual,2
sweet,2
slapping,2
ajar,2
unexpectedly,2
indifferent,2
flutter,2
horribly,2
rotten,2
missing,2
edgar,2
chords,2
tumultuous,2
ferret,2
rolled,2
attached,2
faith,2
contemptuously,2
takes,2
miserably,2
pouring,2
newsstand,2
hurry,2
notes,2
riotous,2
admission,2
privilege,2
hovering,2
corrugated,2
favour,2
ambitious,2
answering,2
discuss,2
attach,2
reappeared,2
inevitable,2
commanded,2
shifted,2
burning,2
proprietary,2
according,2
blanket,2
suspicious,2
tradition,2
desperately,2
drain,2
elegant,2
acquaintances,2
infinite,2
abortive,2
spectacles,2
tide,2
unlike,2
americans,2
especially,2
intending,2
mumbled,2
draw,2
blocked,2
gads,2
sweep,2
coney,2
ix,2
itd,2
inquest,2
clustered,2
peculiarly,2
faster,2
itll,2
perspiration,2
girders,2
science,2
suite,2
brave,2
cute,2
impulse,2
crept,2
november,2
couple,2
president,2
circular,2
discreetly,2
port,2
swore,2
cousins,2
firm,2
ii,2
fun,2
pigsty,2
computers,2
duck,2
german,2
message,2
fender,2
raising,2
despair,2
ewing,2
roared,2
mist,2
growing,2
simplicity,2
affected,2
silhouette,2
waves,2
fascinated,2
twisting,2
reserve,2
finger,2
imagine,2
1,2
drums,2
glare,2
younger,2
leader,2
protest,2
diningroom,2
bounce,2
thus,2
submerged,2
accusingly,2
expenses,2
tossed,2
period,2
fathers,2
salt,2
shelf,2
remembering,2
guest,2
regarded,2
realizing,2
iii,2
thati,2
southampton,2
recognizable,2
eleven,2
avoid,2
sadness,2
wiping,2
brushed,2
restrictions,2
push,2
accept,2
forehead,2
plain,2
invariably,2
patent,2
ferocious,2
natural,2
refuse,2
palm,2
invent,2
muldoon,2
disquieting,2
crisp,2
carriages,2
carpet,2
interrupt,2
ticket,2
silly,2
overseas,2
inexhaustible,2
painting,2
vii,2
proximity,2
flowered,2
current,2
simplest,2
hilariously,2
happiness,2
fault,2
gleam,2
machines,2
bunch,2
obscene,2
stunts,2
isolated,2
forced,2
strangest,2
nineteenseventeen,2
marred,2
identical,2
chorus,2
airedale,2
offended,2
p,2
spree,2
concentration,2
due,2
formality,2
madman,2
marrying,2
peering,2
advised,2
distorted,2
limit,2
worry,2
hangs,2
choose,2
heavily,2
glazed,2
trip,2
shirtwaist,2
chicken,2
receive,2
crossing,2
legion,2
seized,2
sensation,2
concept,2
mirrored,2
soothing,2
luckily,2
remotely,2
whatll,2
arrive,2
nowadays,2
villages,2
penniless,2
katspaugh,2
walks,2
muttering,2
patron,2
daughter,2
c,2
avoided,2
critical,2
ashgrey,2
closing,2
stored,2
working,2
accordance,2
sidewalks,2
visibly,2
original,2
afternoons,2
unwillingly,2
passing,2
photographers,2
prep,2
sofa,2
extra,2
saidbut,2
wildly,2
desire,2
bend,2
musty,2
unknown,2
prac,2
interminable,2
struggle,2
unbroken,2
kindly,2
gruff,2
addresses,2
expect,2
knocked,2
determine,2
fashionably,2
obvious,2
gulls,2
melted,2
sensuous,2
invitation,2
explanation,2
orchids,2
issued,2
overtaking,2
awoke,2
indirectly,2
banners,2
wrapping,2
tremendous,2
recently,2
eager,2
perceived,2
computer,2
affect,2
taylor,2
advantage,2
rate,2
nature,2
acquaintance,2
exploded,2
chiffon,2
struck,2
specified,2
grief,2
loafing,2
swung,2
solemnly,2
joy,2
roadster,2
tiptoed,2
splendour,2
sonofabitch,2
begged,2
concentrated,2
workmen,2
stroke,2
ghosts,2
nervously,2
henry,2
underneath,2
horses,2
permanent,2
stilli,2
platform,2
references,2
roadhouse,2
clicked,2
comin,2
wealthy,2
january,2
lapsed,2
redistribution,2
triumph,2
matters,2
detail,2
whatsoever,2
tragically,2
letters,2
flannel,2
fifteen,2
distinguished,2
cream,2
remain,2
breast,2
driven,2
freshness,2
tenor,2
recognized,2
eagerness,2
updated,2
formal,2
beforeand,2
shout,2
millions,2
research,2
reply,2
bureau,2
indefinite,2
forest,2
hollowly,2
unhappily,2
connected,2
arrogant,2
cuff,2
couples,2
chairs,2
alertly,2
besides,2
available,2
imagination,2
groups,2
morbid,2
wearing,2
makes,2
expectantly,2
v,2
soul,2
hats,2
gratitude,2
football,2
promoting,2
howd,2
nostrils,2
school,2
numbers,2
fumbled,2
ceased,2
facethe,2
bench,2
detroit,2
pebbles,2
capable,2
whistle,2
miserable,2
obliged,2
wasting,2
sought,2
eckleburgs,2
vulgar,2
tyre,2
uncomfortably,2
possible,2
admiration,2
roaring,2
marriage,2
plunged,2
cakes,2
willing,2
salons,2
gossip,2
honest,2
meanwhile,2
jewellery,2
imagined,2
comment,2
peered,2
savage,2
jumping,2
vi,2
oblivion,2
inherited,2
negro,2
unsuccessfully,2
ashen,2
benediction,2
witness,2
jauntily,2
torn,2
schedule,2
pervading,2
hen,2
collar,2
august,2
busy,2
cellar,2
excellence,2
smoking,2
floating,2
dilatory,2
musicroom,2
flicker,2
gestures,2
contributions,2
burden,2
rent,2
possibly,2
watching,2
everywhere,2
standard,2
carrying,2
stretch,2
mavro,2
breeding,2
searching,2
kinds,2
understanding,2
accused,2
farm,2
commotion,2
apology,2
box,2
2021,2
federal,2
moreover,2
lasted,2
impersonal,2
lonely,2
pretended,2
prepare,2
search,2
restlessly,2
cups,2
verandas,2
windy,2
bathrooms,2
argonne,2
uttered,2
reassure,2
intentions,2
1e,2
closer,2
sidestreet,2
flight,2
coldly,2
gasping,2
advice,2
carlo,2
swell,2
final,2
delayed,2
variety,2
scornful,2
muscle,2
florid,2
closest,2
affection,2
catching,2
cecil,2
electronically,2
redistributing,2
offered,2
montauk,2
acute,2
pairs,2
river,2
rigidly,2
affairs,2
portentous,2
influence,2
disappointed,2
rare,2
collapse,2
amused,2
barrier,2
herthat,2
motorcycle,2
phrases,2
creative,2
blazing,2
committed,2
solitary,2
linen,2
endure,2
magazines,2
ahhh,2
loose,2
stare,2
copied,2
examining,2
picking,2
ends,2
considered,2
shortcut,2
divorce,2
continent,2
whisper,2
dew,2
cries,2
slip,2
shade,2
ways,2
taxes,2
coolly,2
figures,2
footsteps,2
accusations,2
suspicions,2
faced,2
degree,2
signs,2
tentatively,2
coincidence,2
vanilla,2
underwear,2
whiteplum,2
orchid,2
lutheran,2
opposite,2
restoration,2
startlingly,2
fur,2
hated,2
director,2
drowned,2
raining,2
cracked,2
fashionable,2
designs,2
yours,2
reported,2
jail,2
swamps,2
correction,2
ghost,2
sends,2
eveningdress,2
helpless,2
provincial,2
relief,2
buttons,2
fingerbowls,2
regarding,2
sparkling,2
headlights,2
rented,2
anchor,2
racy,2
september,2
precious,2
studies,2
returning,2
lied,2
delight,2
local,2
groaned,2
events,2
generally,2
graceful,2
breach,2
obscurely,2
sharing,2
firmly,2
vicinity,2
lined,2
codes,1
codyhe,1
washing,1
hemisphere,1
punch,1
stifflywas,1
bridesmaid,1
reciprocal,1
asunder,1
hubert,1
mastered,1
unfathomable,1
significant,1
glinted,1
altogether,1
precipitately,1
difficult,1
clog,1
adore,1
fooled,1
imperceptibly,1
glances,1
façade,1
witty,1
loitered,1
outstay,1
notion,1
intriguing,1
consequential,1
pain,1
assertions,1
attired,1
sneakers,1
needless,1
grassthere,1
roughneck,1
drug,1
unlocked,1
skirt,1
newton,1
odd,1
spaces,1
shelves,1
addeda,1
breathgiving,1
stalked,1
contingency,1
disappearing,1
thisorthats,1
statements,1
manwhat,1
backed,1
transported,1
postman,1
panting,1
sauterne,1
polisher,1
bondsalesmen,1
welldisciplined,1
tempted,1
contingencies,1
abstraction,1
rubbing,1
response,1
viewing,1
hick,1
expostulation,1
identify,1
ramifications,1
perspired,1
unable,1
shores,1
job,1
nowisnt,1
smokeing,1
cement,1
slunk,1
minuteits,1
bendthen,1
blazed,1
advancing,1
toilet,1
cooled,1
changes,1
standards,1
cat,1
halfsick,1
training,1
grasping,1
pipeline,1
swam,1
originated,1
himhe,1
dates,1
unfinished,1
fancies,1
vista,1
laudable,1
swarm,1
savoury,1
itits,1
juice,1
flickered,1
bodyhe,1
tuttuttuttut,1
picnic,1
saloon,1
spasms,1
clenched,1
inaccurate,1
goda,1
bumped,1
unwavering,1
sporadic,1
bearing,1
theyve,1
tickets,1
echoed,1
rivalry,1
cheadles,1
restlessness,1
hindenburg,1
alonefifty,1
bureaugatsby,1
neednt,1
published,1
tonic,1
traversed,1
disclaim,1
nightand,1
victoria,1
dollar,1
poignant,1
swank,1
pompadouror,1
success,1
elemental,1
fare,1
repair,1
mischief,1
scrutiny,1
shaded,1
value,1
shyly,1
wellrounded,1
colourhe,1
sideways,1
criticism,1
locality,1
wellfanned,1
staggered,1
restaurants,1
wag,1
transaction,1
compact,1
nowwas,1
ultimate,1
latter,1
guard,1
acre,1
clad,1
mourning,1
survive,1
repairing,1
rode,1
curve,1
confess,1
drunken,1
operations,1
settler,1
broiling,1
glide,1
tremendously,1
fervent,1
bundled,1
illusion,1
conductor,1
adapting,1
carraways,1
peremptorily,1
splashed,1
dispensed,1
binary,1
jewess,1
revelations,1
whitechanged,1
familys,1
pencil,1
spanking,1
undeserted,1
kissmeatthegate,1
cover,1
tiger,1
trick,1
roses,1
imitation,1
hunting,1
inky,1
ripple,1
devotion,1
complain,1
gaudiness,1
buoyed,1
counterfeit,1
monkey,1
pg,1
crabbing,1
born,1
command,1
disordered,1
frosty,1
momentum,1
conviction,1
hallway,1
contrary,1
bosom,1
fitzpeters,1
vicariously,1
getchildren,1
lilactrees,1
decomposed,1
decent,1
accomplishments,1
referred,1
crimsonlighted,1
producer,1
identification,1
amour,1
rex,1
exploding,1
doings,1
indignant,1
electricity,1
void,1
auntbut,1
cares,1
lick,1
5961887,1
million,1
partition,1
basic,1
types,1
stormily,1
deeplyi,1
breed,1
peremptory,1
accelerator,1
spun,1
regulating,1
virus,1
countries,1
image,1
rhythmic,1
retribution,1
colourless,1
argue,1
harddrinking,1
apathetically,1
birthday,1
betrayed,1
moneya,1
meretricious,1
isthe,1
confessed,1
edition,1
imposed,1
maintaining,1
halfdarkness,1
yellowy,1
goldcoloured,1
d,1
clubs,1
effectually,1
tribune,1
bust,1
andeats,1
crêpedechine,1
feebly,1
oncebut,1
distributor,1
unlink,1
bull,1
lane,1
shirtfront,1
banjoes,1
includes,1
fragilely,1
plagiaristic,1
wonderful,1
nothingonly,1
deletions,1
perpetual,1
arc,1
commensurate,1
trotted,1
kellehers,1
buildings,1
epigramlife,1
flags,1
shrugged,1
frown,1
cheerfully,1
reactiongatsby,1
fairys,1
impersonally,1
brute,1
deserted,1
preserves,1
gruffly,1
acres,1
sailors,1
parcelled,1
nerves,1
indistinguishably,1
cab,1
harrowing,1
towels,1
plays,1
sons,1
maximum,1
hire,1
sideboard,1
round,1
hey,1
nibble,1
tactfully,1
sporting,1
rapid,1
teagarden,1
cross,1
chest,1
serfs,1
willie,1
impatient,1
wingless,1
1e3,1
clerk,1
helpfully,1
haze,1
ineptly,1
clasped,1
wailing,1
infringement,1
thatand,1
revenue,1
fastened,1
formations,1
slide,1
inquisitions,1
forceof,1
proportions,1
corrigans,1
inspired,1
related,1
moths,1
liver,1
disposed,1
hurriedly,1
thoughtwhy,1
entry,1
illustration,1
advanced,1
dried,1
lyric,1
divisions,1
anteroom,1
gulick,1
anaemic,1
promoter,1
tied,1
begotten,1
disintegrating,1
meetings,1
bottles,1
alighted,1
arrest,1
reduced,1
generalities,1
quivering,1
ringing,1
fishing,1
commenced,1
perform,1
inconceivable,1
nineteeneighteen,1
misconceptions,1
occupation,1
differentif,1
alleys,1
lethargic,1
tantalizing,1
toppled,1
area,1
claret,1
roved,1
uncommunicable,1
problem,1
wasteful,1
unsteady,1
identity,1
humidor,1
specific,1
trail,1
parkes,1
eitheruntil,1
revolting,1
wistfulness,1
institutions,1
hart,1
blinking,1
distraught,1
blooms,1
clothesthere,1
device,1
calculated,1
schraeders,1
medals,1
supplies,1
radiantly,1
1f6,1
dined,1
notoriety,1
drawerthat,1
birth,1
splash,1
spots,1
discussing,1
racket,1
coursed,1
todays,1
tinny,1
muster,1
groceries,1
conceivably,1
overwhelmed,1
strong,1
feudal,1
ticked,1
errors,1
unutterably,1
appendicitis,1
pure,1
legends,1
alcohol,1
remarkable,1
luxuriated,1
standardit,1
hopeless,1
spat,1
pools,1
female,1
expressive,1
remarking,1
howve,1
celebrities,1
greco,1
spectroscopic,1
switchesonce,1
pomp,1
nordic,1
swede,1
exultation,1
herselfthat,1
smoothed,1
facility,1
scrawled,1
bucks,1
strata,1
chasms,1
cloud,1
pitches,1
prosperous,1
ensuring,1
gamble,1
wellshaved,1
consuela,1
asis,1
dissolving,1
singularly,1
rosebeds,1
bunsen,1
castile,1
safer,1
imagining,1
premature,1
haag,1
wifes,1
describe,1
singlemindedness,1
art,1
bass,1
poolrooms,1
secretly,1
anyhowdaisy,1
reputation,1
observers,1
cloth,1
composition,1
rub,1
crates,1
profits,1
pleasure,1
carnegie,1
500600,1
somewhat,1
rob,1
blindness,1
awaited,1
amid,1
fraternal,1
defiantly,1
sayhowdedo,1
flesh,1
sceneespecially,1
listenedthen,1
oculist,1
emptiness,1
insincerity,1
mate,1
greedy,1
creatures,1
divot,1
gin,1
riseshe,1
moustache,1
didntdrift,1
title,1
fought,1
olafs,1
watcher,1
knock,1
russel,1
provocation,1
resentment,1
endive,1
profitably,1
gardenas,1
prig,1
seems,1
unforgivably,1
sections,1
battles,1
unintelligible,1
shuffled,1
onwere,1
investments,1
baths,1
gather,1
realizes,1
laid,1
viols,1
expressionthen,1
spotted,1
lesser,1
putter,1
blindly,1
huh,1
minedo,1
fellows,1
murdered,1
engaging,1
stone,1
sardinesinthebox,1
win,1
virtues,1
knotted,1
treeshe,1
varies,1
circulating,1
whereve,1
compilation,1
corps,1
raft,1
dumps,1
ears,1
afford,1
pointless,1
secrecy,1
indefinitely,1
riot,1
boston,1
suck,1
luminosity,1
bookshelves,1
questioningly,1
brow,1
disapproval,1
spiced,1
spiritless,1
jonquils,1
overwhelmingly,1
blurted,1
require,1
selfconsciously,1
sedative,1
harrowed,1
lives,1
obrien,1
sausages,1
fortnight,1
climb,1
moulding,1
kike,1
lounged,1
inin,1
die,1
ovalslike,1
tag,1
tread,1
indecisively,1
eyeballs,1
foreground,1
springs,1
rosary,1
stimulating,1
scullys,1
yelling,1
indemnify,1
24,1
wwwgutenbergorgcontact,1
closets,1
blackbuck,1
rippling,1
totally,1
prehistoric,1
vanishing,1
rigid,1
emergency,1
fading,1
civil,1
aired,1
deauville,1
dinvilliers,1
affectations,1
international,1
assure,1
gloomiest,1
neighbouring,1
conspiring,1
tank,1
determinedly,1
massage,1
bewill,1
visions,1
somethingmost,1
happenedthats,1
orleans,1
1902,1
layers,1
ofohfling,1
remainas,1
lurking,1
briefcase,1
braided,1
horsdoeuvre,1
realhave,1
unmistakably,1
treat,1
adams,1
rows,1
spoiled,1
petereither,1
remains,1
libel,1
vacation,1
lillythey,1
goddard,1
orchestras,1
obtrusive,1
drawbridge,1
countrysideeast,1
oclockuntil,1
blame,1
cheeksnot,1
faultgatsby,1
halflazy,1
sobbed,1
tossing,1
shehis,1
vacuous,1
suspecting,1
lever,1
california,1
vestibule,1
dishonest,1
tortuously,1
exact,1
knowlock,1
ceasing,1
impressionability,1
adventurous,1
twinkle,1
1906,1
luxury,1
plaid,1
measured,1
dressingrooms,1
excursions,1
authoritatively,1
chase,1
sail,1
investigate,1
rug,1
encoding,1
intervals,1
di,1
deficiency,1
tune,1
corrupt,1
invitedthey,1
pastoral,1
overhung,1
originator,1
pglaf,1
inarguably,1
permeate,1
traps,1
duluth,1
drum,1
nourished,1
discover,1
derive,1
etty,1
piled,1
alignment,1
soldiers,1
rocked,1
thenand,1
responsive,1
ville,1
imperatively,1
hopalong,1
corky,1
irrelevantly,1
erased,1
startedit,1
deaf,1
kill,1
vividly,1
frosted,1
catch,1
provision,1
successful,1
redistribute,1
incidental,1
scrubbingbrushes,1
judy,1
suffered,1
knobs,1
expanse,1
exclamation,1
temper,1
sidewaysand,1
duckweed,1
turbaned,1
belongs,1
crunched,1
goats,1
captain,1
talks,1
watchfully,1
borough,1
defending,1
84116,1
pulling,1
welltodo,1
principal,1
oars,1
importer,1
sprawling,1
converted,1
clutching,1
extravaganza,1
twins,1
waters,1
enchanting,1
concrete,1
swirls,1
ohthats,1
angle,1
arthur,1
fried,1
potatoes,1
liquors,1
noun,1
exercises,1
curiously,1
benny,1
superiority,1
moral,1
irregularly,1
modification,1
unequally,1
whyhow,1
familiarit,1
knowthough,1
dominance,1
sterner,1
wayside,1
pleased,1
widespread,1
husbands,1
raincoat,1
ashtrays,1
display,1
hinted,1
gears,1
caramelcoloured,1
recurrent,1
streak,1
mess,1
bewilderment,1
receptacles,1
sending,1
blowing,1
articles,1
shouldered,1
schwartz,1
araby,1
awkward,1
foldingchair,1
rustle,1
friendsin,1
contract,1
controlled,1
hawthorn,1
wriggling,1
yukon,1
hungrily,1
dismounted,1
carved,1
divorced,1
simmering,1
carriage,1
fitness,1
reads,1
fella,1
complacent,1
keys,1
newsand,1
puppies,1
threecornered,1
ambitions,1
omnibus,1
grocers,1
swamp,1
overheard,1
circuit,1
housethe,1
crowdstepped,1
panicthe,1
mondays,1
nicolas,1
plunge,1
ships,1
blossoms,1
approving,1
arise,1
toiled,1
glory,1
ourselves,1
1f4,1
ripples,1
jongs,1
unpunctual,1
generalized,1
grabbed,1
hired,1
intact,1
bitch,1
jokes,1
fortysecond,1
preserved,1
renewals,1
reproachbut,1
reassuringly,1
westerners,1
flavoured,1
indeterminate,1
scampered,1
admiringly,1
memphis,1
comfortable,1
gatsbynothing,1
unobtrusively,1
subdued,1
leavesll,1
countenance,1
govern,1
robust,1
education,1
led,1
smouldering,1
dewars,1
clubfor,1
mysteries,1
darker,1
ulysses,1
owners,1
powers,1
funniest,1
postthe,1
toolboxes,1
nest,1
urging,1
gross,1
appear,1
joins,1
gentlemen,1
whyany,1
ivy,1
presumptuous,1
postpone,1
sensitivity,1
dizzy,1
meditatively,1
dazed,1
maecenas,1
hoping,1
ray,1
w,1
contemplation,1
dimmed,1
flabby,1
bois,1
chilled,1
jauntiness,1
legacy,1
burn,1
beaux,1
insantly,1
girlhood,1
pocketbook,1
servant,1
instance,1
pitiful,1
lifting,1
unadaptable,1
downloading,1
gleamed,1
westall,1
instructions,1
remedies,1
unwillingness,1
hideandgoseek,1
finance,1
frothy,1
foolish,1
thanked,1
conceits,1
condescending,1
stretcher,1
unrestfully,1
accompanied,1
bordered,1
zelda,1
corroborate,1
heavy,1
tan,1
sensuously,1
goldturning,1
despite,1
herbut,1
bellows,1
champion,1
hatboxes,1
twin,1
herseys,1
rackrent,1
antecedents,1
becker,1
circumstancesand,1
neared,1
rift,1
homogeneity,1
wisdom,1
fired,1
holloweyed,1
lowered,1
starshine,1
winced,1
lucky,1
molars,1
sparse,1
flirtation,1
beckers,1
cricket,1
abandon,1
ashamed,1
owl,1
disclaimers,1
roamed,1
anyways,1
cahoots,1
bowl,1
necessarily,1
border,1
spades,1
scrolls,1
rumoured,1
succulent,1
leaked,1
whosoever,1
whereabouts,1
containing,1
chimneys,1
trimalchio,1
negroes,1
somebodyll,1
richer,1
intimacy,1
tactlessly,1
sombre,1
entering,1
electrocuted,1
employer,1
wholesome,1
sugar,1
gobut,1
elusive,1
scattered,1
hum,1
sharper,1
thrill,1
privacy,1
depression,1
politician,1
trotting,1
anchored,1
suggest,1
americanthat,1
vinous,1
laundered,1
facetoo,1
pursuing,1
obstetrical,1
shrink,1
suchsuch,1
ravenously,1
instants,1
unquiet,1
bothered,1
creep,1
indefinable,1
oak,1
preoccupation,1
dash,1
noi,1
fundamental,1
discovery,1
twinkled,1
chromes,1
dearest,1
towelswhile,1
stumbled,1
bookcases,1
lectures,1
firmness,1
weatherproof,1
humorously,1
housejust,1
feather,1
issue,1
brightness,1
witnessed,1
somebodys,1
uncertainty,1
rioters,1
gilda,1
irresistibly,1
cowered,1
extended,1
talkedher,1
fruit,1
hasnt,1
likedand,1
overcoat,1
challenge,1
dai,1
data,1
forties,1
insurance,1
belasco,1
putting,1
driveand,1
letting,1
freshly,1
internal,1
stationary,1
elaborateness,1
frogs,1
ascertain,1
immoderately,1
frisco,1
wealthyeven,1
dyou,1
stacks,1
snobbery,1
caterwauling,1
midas,1
eyed,1
morningand,1
privileged,1
reserved,1
wing,1
tracks,1
betty,1
tender,1
velvet,1
vacant,1
merchantability,1
jovially,1
sinking,1
sheets,1
journalism,1
rustling,1
flurry,1
changedhe,1
gnawings,1
sobs,1
enjoying,1
allied,1
finest,1
lester,1
frantic,1
spy,1
compel,1
challengingly,1
shadowed,1
nyork,1
rail,1
commit,1
drowsiness,1
occasion,1
highershirts,1
postern,1
labyrinth,1
louisiana,1
doingand,1
bracelets,1
irregularity,1
worktable,1
civilization,1
board,1
former,1
actor,1
heady,1
sheepishly,1
fatten,1
menacing,1
approach,1
scrawny,1
distract,1
disconcerting,1
codytold,1
palmetto,1
delicatessen,1
careerwhen,1
reflected,1
convey,1
tension,1
wanting,1
switched,1
awayand,1
mav,1
oblivious,1
airedaleundoubtedly,1
sunny,1
inconsequence,1
deathless,1
milky,1
malice,1
discontented,1
dragging,1
pammy,1
solicitation,1
rooted,1
terror,1
irrecoverable,1
utf8,1
overdreamedthat,1
abnormal,1
insulting,1
rumour,1
souvenirs,1
suicide,1
senator,1
disk,1
pane,1
smiles,1
saucer,1
501c3,1
taxis,1
stoddard,1
association,1
quartets,1
cabinets,1
warmest,1
spared,1
ecstasy,1
incomparable,1
twice,1
setting,1
blow,1
snob,1
obliging,1
astoriaonly,1
polish,1
tenderness,1
blood,1
breaths,1
gasped,1
massive,1
imprisons,1
strawhaired,1
screens,1
weedy,1
milwaukee,1
dogdays,1
stands,1
conveyed,1
don,1
commissioner,1
crawls,1
subtle,1
sleigh,1
proposed,1
hempstead,1
stations,1
spires,1
rectangle,1
individually,1
authentically,1
shouldnt,1
squawk,1
mistaken,1
midnightwas,1
mingling,1
humiliation,1
games,1
forgetting,1
daisyll,1
809,1
secrets,1
nurses,1
impenetrable,1
addenda,1
reporters,1
machinereadable,1
glorious,1
wellloved,1
washington,1
happenings,1
complexion,1
passersby,1
musicrooms,1
extinction,1
expects,1
panelled,1
blot,1
package,1
punctilious,1
alternate,1
smallyes,1
turkeys,1
seaboard,1
earths,1
430500,1
peter,1
screaming,1
periodic,1
becomes,1
confuse,1
overlooking,1
thudding,1
applegreen,1
melodious,1
climbed,1
flood,1
brookn,1
rakish,1
quivered,1
rejoin,1
craze,1
tearing,1
humorous,1
mumble,1
whoever,1
photographed,1
darkened,1
gypsies,1
audibly,1
australia,1
gibberish,1
slowthinking,1
magical,1
wedging,1
mccarty,1
stained,1
dotted,1
despairing,1
urgent,1
abounded,1
parlour,1
grocer,1
apparition,1
supplied,1
lip,1
sacredness,1
nothings,1
pavilions,1
pyjamas,1
theatrical,1
615630,1
uncivilized,1
roomhe,1
brighter,1
welldressed,1
wad,1
conventional,1
brood,1
introduce,1
brand,1
abroad,1
pillars,1
idols,1
guilty,1
account,1
fists,1
communities,1
gruffness,1
stopus,1
shallows,1
barbed,1
millionairesall,1
obligations,1
inessential,1
viewed,1
indies,1
steal,1
tropical,1
choosing,1
ohh,1
knees,1
pulpless,1
ordways,1
curiosities,1
corpulent,1
jugjugspat,1
herhow,1
crystal,1
francis,1
code,1
shuts,1
uncertainly,1
expended,1
smaller,1
flowerlike,1
blues,1
knelt,1
bandages,1
semifinal,1
fifties,1
gently,1
assumption,1
fadedgilt,1
banns,1
upholstery,1
inexperience,1
practicalitythat,1
dispute,1
prolonged,1
slapped,1
specialists,1
jewett,1
stumble,1
madison,1
stripes,1
harmless,1
isles,1
odonavan,1
cadet,1
practise,1
pawing,1
holocaust,1
ribbon,1
skipper,1
reluctantly,1
addressinside,1
calculate,1
pocketing,1
windowwith,1
fright,1
tightening,1
preyed,1
languid,1
underhand,1
outdated,1
amorphous,1
action,1
washstand,1
climbing,1
20,1
capacitywhile,1
nickel,1
passengers,1
noses,1
33rd,1
skins,1
detachment,1
anticipation,1
fluttered,1
contiguous,1
lavish,1
contributory,1
caravansary,1
leash,1
crickets,1
barbary,1
rude,1
accounted,1
noonbut,1
invalidity,1
cymbals,1
frantically,1
canal,1
grounds,1
saddening,1
tablethe,1
intermarriage,1
shotsafterwards,1
abstractedly,1
obsolete,1
pipes,1
dismally,1
composed,1
author,1
malevolence,1
gasline,1
sailing,1
organ,1
conscious,1
incomplete,1
rockingfor,1
bigger,1
strand,1
guiltily,1
ropes,1
youdo,1
parke,1
nonexistent,1
gratefully,1
readable,1
editorials,1
tighten,1
5th,1
greenhouse,1
disliked,1
stalled,1
marie,1
chefs,1
phenomenon,1
poolroom,1
exhilarating,1
choice,1
crouching,1
guestrooms,1
features,1
et,1
toodidnt,1
furious,1
damaged,1
sentences,1
loving,1
size,1
rinds,1
scalloped,1
tattoo,1
argued,1
measures,1
halves,1
wilsonll,1
securely,1
volleying,1
squeamishness,1
forto,1
brace,1
advance,1
cohen,1
alex,1
sensibilities,1
ford,1
fontano,1
flinched,1
tipping,1
steady,1
despised,1
myyou,1
dislike,1
fade,1
shying,1
proved,1
distaste,1
janitors,1
officehe,1
greeting,1
ancestral,1
piccolos,1
responded,1
tanked,1
settled,1
ardita,1
retreated,1
enthusiastic,1
appalled,1
decades,1
kidding,1
confidential,1
heaps,1
delicacy,1
needlessly,1
appalling,1
jailor,1
oftenin,1
paul,1
positive,1
cafés,1
bulbous,1
reproach,1
peninsula,1
seas,1
decline,1
upward,1
murray,1
openmouthed,1
counterraid,1
mincing,1
superfluous,1
oboes,1
respectful,1
gardenshears,1
warwick,1
arched,1
rancour,1
deserves,1
prodigality,1
vulnerable,1
effeminate,1
bricks,1
lightheaded,1
synonymous,1
rippled,1
impetuously,1
suddenness,1
646221541,1
ether,1
choking,1
quickening,1
occur,1
rapture,1
colder,1
fluctuating,1
snatch,1
dashboard,1
yesi,1
raspingly,1
gaudily,1
remembershe,1
ministering,1
nightingale,1
limits,1
togetherit,1
inspect,1
swivelchair,1
motorists,1
confounding,1
undespairingly,1
doze,1
gatsbyand,1
swindler,1
decking,1
valued,1
exulting,1
inafter,1
subscribe,1
hesitant,1
onethe,1
obstinate,1
bleeding,1
swooning,1
wise,1
incarnation,1
richnevertheless,1
ripe,1
1e6,1
cannes,1
joyous,1
rout,1
shortwinded,1
marry,1
apologetically,1
occasional,1
pompadour,1
seventyfive,1
triangle,1
sweetly,1
dentist,1
coral,1
roadside,1
dread,1
ferryboat,1
quadthe,1
knocking,1
automatic,1
subjects,1
direct,1
officereally,1
claud,1
confined,1
battalion,1
mediterraneanthen,1
balance,1
familiarits,1
disdain,1
pastry,1
stocked,1
fays,1
gap,1
startling,1
threenoted,1
fruiterer,1
revolving,1
kings,1
relations,1
lemonade,1
acknowledged,1
artistic,1
daze,1
enlargement,1
crops,1
searchingly,1
behaviour,1
dipped,1
spoonful,1
antoinette,1
reverse,1
extemporizing,1
maintenon,1
coarse,1
baffled,1
natures,1
hue,1
oppressivenessit,1
eggers,1
blinding,1
thickish,1
30,1
wash,1
lookedand,1
outan,1
boasting,1
straggled,1
steadily,1
brokenshe,1
leaf,1
prairies,1
fiancée,1
dazzling,1
leeches,1
department,1
slit,1
swallows,1
1922,1
expense,1
betting,1
plane,1
paintless,1
cloak,1
fourth,1
bewitched,1
majority,1
exporting,1
seventeenyearold,1
slightest,1
stoop,1
capitalists,1
horn,1
leftthe,1
lustreless,1
nostril,1
allow,1
criminal,1
pyramid,1
cynically,1
flounced,1
republic,1
reserving,1
profusion,1
wrinkle,1
faintest,1
incurably,1
constantly,1
temporarily,1
erroneous,1
district,1
breathe,1
learned,1
fingerless,1
cautiously,1
marseilles,1
amputated,1
gulp,1
responsible,1
melt,1
westward,1
notorious,1
alteration,1
venice,1
deplorably,1
buttonsrid,1
bruised,1
jew,1
thereabout,1
aalmost,1
copper,1
nebulous,1
eyesto,1
san,1
cursing,1
clamorously,1
amen,1
southern,1
quart,1
dressi,1
employees,1
indiscreet,1
exasperated,1
additions,1
passion,1
drowsing,1
indemnity,1
twentyone,1
contrast,1
vestige,1
squeaked,1
baseball,1
curved,1
retorted,1
concluded,1
senselessness,1
dramatic,1
asheville,1
detect,1
againthe,1
somethingan,1
echolalia,1
carelessness,1
attend,1
biscuitsone,1
birds,1
perfume,1
displayed,1
astounding,1
disapproving,1
scolded,1
tunes,1
bantering,1
strain,1
cup,1
dennickers,1
fate,1
continuously,1
despise,1
garages,1
spasm,1
greek,1
extreme,1
sweetie,1
heaped,1
throbbing,1
fivepiece,1
managed,1
backs,1
mingled,1
cantwhen,1
cheer,1
entertainment,1
swooned,1
bell,1
showed,1
grieving,1
wayward,1
hazy,1
lewis,1
plate,1
extends,1
revolver,1
torpedoes,1
pile,1
cardinal,1
twentyfive,1
licensed,1
boarder,1
attractively,1
casualness,1
determination,1
ohio,1
knowledge,1
tumult,1
howeveri,1
dyed,1
file,1
scenehis,1
apply,1
provisions,1
stronger,1
amusement,1
slippers,1
correctness,1
whip,1
competitive,1
shortsighted,1
crunch,1
715815,1
roads,1
version,1
swiftly,1
introductions,1
wellthink,1
villainous,1
crowdit,1
egotism,1
visitors,1
unconvincingly,1
goals,1
axe,1
recedes,1
empires,1
maine,1
weddingcake,1
nymphs,1
rocky,1
montreal,1
bridal,1
ferociously,1
slump,1
relieving,1
addressing,1
gambler,1
faithful,1
elect,1
representations,1
asa,1
mechanics,1
crescendo,1
everyones,1
seventeen,1
ithe,1
lacing,1
economics,1
1a,1
blocking,1
incorruptible,1
oceangoing,1
rolling,1
bulkiness,1
disarray,1
hams,1
64317,1
locations,1
brush,1
2,1
bathingsuit,1
temperament,1
underground,1
protecting,1
visitor,1
measure,1
boisterously,1
elongating,1
hysterical,1
yolks,1
machinegun,1
accompanies,1
shrewd,1
salon,1
tables,1
lingeringly,1
romances,1
fortythird,1
although,1
jingled,1
daycoachhe,1
kaiser,1
manager,1
falls,1
unfold,1
dusty,1
fingersalways,1
opal,1
dart,1
sixtyfive,1
aint,1
undergone,1
clarence,1
rendered,1
belly,1
dignity,1
privy,1
stonewall,1
opportunities,1
adjustment,1
fiftieth,1
pig,1
unprotected,1
michael,1
dejection,1
dropping,1
wolfshiemthat,1
greatuncle,1
hills,1
horsebacktom,1
mexico,1
shockit,1
quotations,1
weakness,1
truththat,1
specimens,1
cast,1
lemme,1
ambulance,1
winking,1
ammonia,1
formless,1
promotion,1
intriguingmy,1
perishable,1
slight,1
jealous,1
tunelessly,1
5,1
hitherto,1
friday,1
positively,1
alltom,1
smirkes,1
century,1
squinted,1
wellforgotten,1
mencarrying,1
donation,1
feverish,1
capes,1
purchases,1
lies,1
thumb,1
volume,1
newsletter,1
bleared,1
defects,1
shapes,1
juxtaposition,1
marvelling,1
appended,1
ed,1
imaginary,1
gentlemanly,1
wistfully,1
building,1
consciously,1
comprehended,1
1e5,1
understandinglymuch,1
language,1
highbouncing,1
threadbare,1
yorkevery,1
masters,1
waltz,1
mulreadys,1
terrace,1
hollow,1
nonsense,1
wayjust,1
overpopulated,1
violates,1
manywindowed,1
investment,1
pepper,1
burns,1
perceive,1
hit,1
obscure,1
membership,1
decorationeven,1
wanly,1
turbulence,1
arguments,1
coast,1
magnanimous,1
method,1
advantages,1
vigour,1
forlorn,1
extract,1
septic,1
swathed,1
staying,1
stain,1
830430,1
smoky,1
checks,1
kerb,1
havena,1
alonehe,1
conscientiously,1
thatched,1
waize,1
lumps,1
burglar,1
westnot,1
pparalysed,1
namesjaqueline,1
communicative,1
disturbed,1
obscurity,1
eyelashes,1
indian,1
bribed,1
write,1
jordanconstrained,1
favours,1
eastward,1
fortuitously,1
winebrenners,1
heavens,1
halfbewildered,1
whas,1
tennessee,1
separate,1
stories,1
trombones,1
biscuit,1
hows,1
authorities,1
tradesmen,1
yeaeaea,1
defiantlytaken,1
kicking,1
1f,1
soapdish,1
regal,1
print,1
thoroughness,1
columbus,1
womans,1
satisfactory,1
gatzs,1
nonproprietary,1
bushes,1
weary,1
decencies,1
umbrella,1
thewell,1
barges,1
discontinue,1
surviving,1
dumbell,1
capacities,1
snatched,1
stove,1
journal,1
overlooked,1
approved,1
soprano,1
sportswoman,1
shiftlessness,1
drill,1
despicable,1
webster,1
whyyees,1
unjustly,1
joint,1
enjoy,1
endured,1
pearl,1
depths,1
films,1
humming,1
earn,1
cluster,1
cornersand,1
smiling,1
skimming,1
sparkles,1
gratified,1
griefs,1
yellowing,1
puppyish,1
generating,1
timewere,1
inhabited,1
noisy,1
piles,1
beale,1
prevent,1
races,1
rudely,1
roughly,1
facet,1
locating,1
club,1
fuss,1
ravages,1
theirs,1
strident,1
accessed,1
sandwich,1
tale,1
transactions,1
penny,1
strict,1
cordials,1
mothsso,1
foam,1
fit,1
relinquished,1
adjusted,1
meantime,1
connecting,1
reputed,1
winecoloured,1
strangled,1
nowthere,1
responsiveness,1
compulsion,1
conferred,1
friendly,1
wailed,1
mashed,1
notions,1
creaking,1
dressinggowns,1
retinas,1
500,1
rounded,1
enormously,1
feigned,1
colleges,1
gods,1
commonplace,1
inquiry,1
build,1
ineffable,1
sprawled,1
clippingsabout,1
pants,1
desirable,1
consumed,1
eberhardt,1
pitful,1
voltaires,1
grays,1
interestedinterested,1
smart,1
swelling,1
quickened,1
unashamed,1
faustina,1
finals,1
muscles,1
hidden,1
unsolicited,1
vanishedand,1
resented,1
westchester,1
chartreuse,1
monday,1
shutting,1
modish,1
sundials,1
deskhed,1
glamour,1
apartmenthouses,1
defence,1
offers,1
turgid,1
itto,1
diving,1
idiotically,1
lamplight,1
movie,1
creamcoloured,1
hash,1
teatable,1
dinneri,1
sometimesbut,1
elsewhere,1
phonemostly,1
hammerheads,1
shadowy,1
el,1
treatment,1
unquestionable,1
unrevealed,1
trace,1
decently,1
gaudy,1
groan,1
plunging,1
mendelssohns,1
solidarity,1
slammed,1
conservative,1
invitations,1
dancies,1
fail,1
deductible,1
april,1
tipsy,1
admire,1
dissolve,1
modelling,1
fiftyone,1
canada,1
adventitious,1
evasions,1
gloved,1
relentless,1
chambermaids,1
muddy,1
flannels,1
radiated,1
harshness,1
civilizationoh,1
reaching,1
montenegrin,1
filling,1
darkening,1
tore,1
tub,1
savours,1
morgan,1
extent,1
john,1
pasquinadebut,1
inhabitants,1
overflowing,1
ceremoniously,1
gigantictheir,1
expend,1
threefifty,1
1f2,1
tapestried,1
produce,1
shades,1
spite,1
lamp,1
yearsand,1
georgian,1
snubnosed,1
listened,1
orange,1
themwith,1
prince,1
rushing,1
gins,1
signalled,1
ernest,1
primary,1
warn,1
agonizingly,1
wit,1
muhlbach,1
delivered,1
shiver,1
wised,1
coroner,1
womb,1
schoen,1
penitentiary,1
barely,1
catastrophe,1
reveries,1
ivory,1
manykeyed,1
billow,1
nope,1
throbbed,1
uncontrollable,1
pandered,1
selection,1
havea,1
eckhaust,1
sounds,1
nail,1
soaked,1
banking,1
myrtlell,1
detective,1
happier,1
graduated,1
ohyoure,1
chiefly,1
mineral,1
diamond,1
selfabsorption,1
discarded,1
smirk,1
pervaded,1
plucked,1
extraordinarily,1
insolent,1
nineteenhundreds,1
exhibition,1
vain,1
recover,1
puzzled,1
grain,1
selfsufficiency,1
bustle,1
octave,1
thanking,1
jingle,1
reverent,1
weatherbeaten,1
unprecedented,1
ideawe,1
motorcars,1
carefully,1
aid,1
whistles,1
volunteer,1
reference,1
sothe,1
affront,1
universal,1
plum,1
interpreted,1
palaces,1
par,1
condescension,1
speculation,1
von,1
quavering,1
cheeks,1
convert,1
sophisticated,1
shading,1
smeared,1
consented,1
shift,1
dearies,1
jovial,1
cornices,1
assistance,1
timethere,1
awayyou,1
steward,1
february,1
flyleaf,1
wordinstead,1
dampened,1
resumed,1
fastern,1
parting,1
trinity,1
slung,1
croiriers,1
158th,1
deserting,1
offshore,1
stella,1
settle,1
allnight,1
partake,1
protested,1
belugas,1
widened,1
dishevelled,1
poise,1
weeping,1
height,1
fabric,1
handle,1
beginningand,1
reassured,1
orderi,1
twentytwo,1
gracefully,1
isolation,1
reasonable,1
outlet,1
elations,1
yearseven,1
dressingroom,1
lemon,1
dressand,1
mississippi,1
texts,1
coverlet,1
scales,1
flink,1
achievement,1
transitory,1
background,1
pm,1
wealth,1
flush,1
fiercely,1
irrelevant,1
specimen,1
autumnleaf,1
comprehensible,1
blackwells,1
intimation,1
bembergs,1
universeso,1
register,1
namewith,1
dukes,1
sorts,1
redandwhite,1
echoing,1
motorboat,1
professor,1
priest,1
operate,1
laundry,1
detach,1
sooner,1
lull,1
5000,1
bathroom,1
oldeven,1
communicated,1
conservatory,1
sigourney,1
seeking,1
division,1
slenderly,1
tigers,1
proofread,1
vest,1
bumming,1
moderate,1
mops,1
rounds,1
softmindedness,1
francisco,1
practically,1
inappropriate,1
entertained,1
arose,1
awnings,1
wornout,1
commercial,1
packed,1
divergence,1
farewell,1
truculent,1
eggs,1
agent,1
surmise,1
fixing,1
cheekbone,1
shiftless,1
lavendercoloured,1
abounding,1
wept,1
cottonwhite,1
occasionally,1
resorted,1
rememberif,1
alarm,1
unheard,1
beaded,1
preceding,1
wheels,1
seawardand,1
aching,1
marvelled,1
gus,1
rugs,1
claudia,1
pore,1
caddy,1
1b,1
unreasoning,1
snells,1
aleand,1
satisfy,1
dayand,1
passionate,1
kant,1
circumstantial,1
unbelievable,1
familiarity,1
ambiguously,1
rivulets,1
herand,1
fluently,1
migration,1
himi,1
foliage,1
railed,1
allexcept,1
returns,1
unbelief,1
guts,1
pungent,1
suspect,1
halfknowing,1
declaration,1
appeal,1
endlessly,1
ejaculated,1
whimpered,1
yorka,1
pleasing,1
baking,1
adriatic,1
guide,1
fragments,1
silently,1
crooned,1
shuffling,1
hesitantly,1
scandalthen,1
defunct,1
wilhelms,1
dakota,1
carries,1
dodge,1
dustcovered,1
substitute,1
actress,1
aluminium,1
chauffeurhe,1
performances,1
garagethen,1
villageappalled,1
traded,1
cruel,1
insistently,1
linked,1
appearing,1
truck,1
sill,1
universities,1
readiness,1
formats,1
haste,1
justwhat,1
draws,1
snorted,1
avoiding,1
charitable,1
philadelphia,1
revisiting,1
despising,1
confidentially,1
growths,1
reveal,1
bobbed,1
happening,1
athlete,1
estate,1
lazily,1
stifling,1
pathfinder,1
ridinghabit,1
nogatsby,1
notifies,1
normandy,1
boarderi,1
link,1
ladder,1
matchings,1
presbyterian,1
youwhy,1
depressed,1
remove,1
thirtythe,1
excepting,1
robinsegg,1
combustion,1
mornings,1
sleeves,1
rollsroyce,1
harlequin,1
slum,1
recognition,1
gusts,1
bitterly,1
demands,1
intent,1
twentyseven,1
terraced,1
boats,1
hissed,1
union,1
inquiring,1
wonderff,1
annoyance,1
desires,1
tint,1
revolved,1
warning,1
chill,1
commutation,1
presumably,1
sullen,1
suppressions,1
intricate,1
foamy,1
hungry,1
blink,1
nerve,1
pivot,1
nonolfactory,1
hardboiled,1
fights,1
gloria,1
plans,1
credulity,1
endless,1
aboutthings,1
dumping,1
dinneryoung,1
801,1
substantiality,1
50,1
englishmen,1
result,1
paperwork,1
staff,1
fence,1
leveragea,1
schultzes,1
grand,1
bloody,1
powdery,1
exalted,1
doubtless,1
astonishing,1
disgusted,1
lunched,1
romp,1
struggled,1
divine,1
consider,1
requestwould,1
surname,1
crises,1
scandal,1
escort,1
horizon,1
hammers,1
fireplace,1
southeastern,1
staid,1
sympathized,1
teeth,1
manit,1
upright,1
repelled,1
pioneer,1
calmness,1
cooling,1
punitive,1
durable,1
abide,1
blows,1
fashion,1
pot,1
gutenbergtms,1
bounced,1
scanty,1
crouched,1
existence,1
gatefirst,1
unforgettable,1
ignorant,1
facilitieshe,1
stage,1
swetts,1
boxesthats,1
fenders,1
respectfully,1
redbelted,1
elocution,1
dreamsnot,1
babbled,1
affairsand,1
countered,1
whynot,1
accentuated,1
decide,1
fluctuate,1
transcendent,1
depends,1
wastebasket,1
educational,1
didntat,1
winters,1
concealing,1
subterfuges,1
protégésheard,1
700900,1
overtook,1
disapproved,1
completed,1
gatzthat,1
mcclenahan,1
brutality,1
bootleggers,1
hm,1
dangling,1
l,1
shops,1
cease,1
salmonfisher,1
gyped,1
nineteennineteen,1
permanently,1
phoned,1
referring,1
squarely,1
familyhe,1
frontier,1
garrulous,1
soldand,1
backhyssons,1
shoutingbefore,1
charities,1
ashesa,1
dealing,1
facing,1
thunder,1
hip,1
flash,1
refusal,1
wholesale,1
dominant,1
interruption,1
possession,1
subtly,1
murky,1
inclined,1
chapter,1
offend,1
donthardly,1
expanded,1
ulster,1
factual,1
bottom,1
prohibition,1
shown,1
brothel,1
evoked,1
feminine,1
apologize,1
reproachfully,1
sleeplessness,1
whim,1
beetles,1
aspect,1
murmuring,1
halffierce,1
whiskya,1
realism,1
rouged,1
oclockalmost,1
packing,1
include,1
stovebut,1
hardening,1
previous,1
puddle,1
march,1
fill,1
continual,1
disadvantage,1
ocean,1
gliding,1
eyebrow,1
vibrant,1
files,1
jackson,1
swimmers,1
justified,1
indicated,1
sunor,1
grail,1
clamdigger,1
band,1
accepting,1
sides,1
georgia,1
december,1
astounded,1
renamed,1
muslin,1
shaved,1
flowersbut,1
divan,1
partial,1
auerbach,1
receiving,1
vicinityexcept,1
dressing,1
complication,1
linger,1
glittered,1
selected,1
roebuck,1
1e2,1
confidences,1
bleak,1
quinns,1
ofof,1
clamour,1
wafer,1
grasped,1
sandwiches,1
obliterated,1
ruin,1
smallbreasted,1
pack,1
tottered,1
portrait,1
gratulate,1
suspects,1
entertain,1
risen,1
formidable,1
supperboxes,1
greenwich,1
forgive,1
belcher,1
hardy,1
unreality,1
whos,1
sympathizing,1
floora,1
switch,1
euphemisms,1
affirmed,1
slap,1
pitch,1
ecstatically,1
stunned,1
criticizing,1
andhere,1
cataracts,1
credibility,1
modified,1
telegram,1
tracing,1
journey,1
indifference,1
flowed,1
somnambulatory,1
otherspoor,1
blazers,1
ponies,1
declared,1
thirties,1
suggestiveness,1
himpossibly,1
product,1
deserved,1
victim,1
nearer,1
needs,1
astoria,1
whisperhis,1
devoid,1
career,1
doorposts,1
smiledand,1
insidious,1
headed,1
overenlarged,1
eyesa,1
excite,1
stouter,1
theatre,1
donors,1
ascertained,1
flatnosed,1
highest,1
tactful,1
contemporary,1
clicking,1
ballooned,1
orgastic,1
endbut,1
europeparis,1
tissue,1
stirred,1
overboard,1
stagnant,1
peoplewith,1
leisurely,1
derived,1
trusting,1
weave,1
sneer,1
vigorously,1
straightening,1
exchanging,1
hornbeams,1
rockefeller,1
pigs,1
follows,1
regret,1
companion,1
creation,1
sixteen,1
duke,1
confidently,1
ein,1
monograms,1
rag,1
unopened,1
outoftheway,1
12,1
motorboats,1
remind,1
danilo,1
despairingly,1
dissimilarity,1
bid,1
volumes,1
tie,1
buffet,1
beluga,1
guns,1
fallsbut,1
celebrity,1
tunnel,1
tangle,1
shocks,1
pathetic,1
machine,1
rubber,1
charm,1
attacksat,1
indecipherable,1
outlined,1
shared,1
pour,1
facedor,1
preceded,1
rowdy,1
aunts,1
instinctive,1
ah,1
glints,1
frozen,1
photographer,1
wandering,1
cabal,1
rickeys,1
transpired,1
chauffeurs,1
shakes,1
hide,1
flung,1
client,1
bet,1
negligence,1
1500,1
dissension,1
adorable,1
activities,1
nonprofit,1
movementshe,1
parked,1
kissing,1
armsbut,1
languidly,1
mass,1
pattern,1
golflinks,1
pass,1
overhanging,1
performed,1
easygoing,1
moneythat,1
seizes,1
veteran,1
studied,1
senile,1
newspapersa,1
sympathy,1
stirring,1
atlantic,1
ectoplasm,1
ripley,1
flicked,1
monopolizing,1
restrain,1
impose,1
alarming,1
doubted,1
romecollecting,1
starlight,1
cake,1
wears,1
teutonic,1
bracing,1
anticlimax,1
marriedand,1
implying,1
majestic,1
maurice,1
slagle,1
itoverripe,1
lamps,1
saloons,1
denizen,1
ingratiate,1
double,1
1e4,1
immediatelyand,1
poles,1
alland,1
catlips,1
claim,1
heightened,1
glimpses,1
drivingnext,1
necklaceor,1
thereit,1
lapped,1
hôtel,1
wallscaling,1
founder,1
convivial,1
moonlightwatching,1
inhospitably,1
rajah,1
rejected,1
honestly,1
muchyoure,1
thrusting,1
tells,1
wwwgutenbergorglicense,1
sixteenth,1
shellrimmed,1
aof,1
previously,1
rowboat,1
taxiwindow,1
yield,1
domesticated,1
eddies,1
foxtroti,1
début,1
wellbeing,1
whomsoever,1
framed,1
sideshe,1
gothic,1
vehemently,1
trembled,1
selfish,1
blinded,1
corroborated,1
clothed,1
homes,1
watchers,1
financial,1
required,1
twisted,1
thoroughly,1
trolley,1
unscrupulouslyeventually,1
sufferinglook,1
sheep,1
persuade,1
otherwise,1
intelligence,1
yorkor,1
hotels,1
roller,1
possessively,1
hauteur,1
wanderers,1
denying,1
corporation,1
arrival,1
network,1
possibility,1
clays,1
arrangements,1
walters,1
creak,1
indirect,1
nearest,1
circus,1
wore,1
herethis,1
participated,1
fever,1
gardensfinally,1
sweetheart,1
abrams,1
offer,1
queensboro,1
pictures,1
unnaturally,1
hypertext,1
unimportant,1
debauchee,1
plenty,1
pyjama,1
event,1
transcribe,1
occupied,1
entrance,1
abyss,1
brilliant,1
pneumatic,1
accidentally,1
60,1
queens,1
walls,1
token,1
flavour,1
spidery,1
shorn,1
expensive,1
wellconcealed,1
inevitably,1
experienced,1
reassurance,1
ina,1
marvellous,1
gatsbyone,1
processing,1
earnestness,1
cunard,1
contributed,1
weird,1
toolooked,1
ridges,1
hotter,1
sumptuous,1
peoples,1
ventura,1
promises,1
impressively,1
uneasily,1
cleaned,1
twinklebells,1
shafters,1
security,1
rosenthal,1
prejudice,1
huskier,1
crawled,1
cobbled,1
kapiolani,1
array,1
crying,1
generous,1
slice,1
asking,1
shaped,1
tranquil,1
peasantry,1
unprosperous,1
random,1
fishguards,1
distortion,1
murmurs,1
slander,1
beaver,1
reclining,1
senior,1
understudy,1
methods,1
blankets,1
ismays,1
signed,1
complacency,1
cupboard,1
flaming,1
600,1
grace,1
revalued,1
reporter,1
incalculable,1
janitor,1
inviolate,1
catches,1
cryshe,1
bum,1
germany,1
straining,1
1f1,1
reassuring,1
item,1
fascination,1
embroidered,1
castle,1
himwith,1
undefined,1
leading,1
belief,1
heap,1
lingering,1
twentyeighth,1
vestibules,1
daisythey,1
greyturning,1
quantity,1
petrolpumps,1
importantlooking,1
bonnet,1
slept,1
oldfashioned,1
transit,1
hardware,1
cornets,1
mebut,1
highly,1
echoes,1
baked,1
elderly,1
ver,1
organized,1
probity,1
brooded,1
insignia,1
supperif,1
urban,1
tightened,1
bitter,1
friendship,1
briefly,1
bastards,1
sophisticatedgod,1
tournaments,1
bungalow,1
fiftyninth,1
mellow,1
wellkept,1
exclusion,1
colonial,1
grateful,1
erect,1
trimmed,1
clever,1
seachange,1
marriedgod,1
eluding,1
buccleuch,1
sightseeing,1
foghorn,1
believing,1
disembodied,1
overwound,1
dangerously,1
rope,1
soles,1
chafed,1
flap,1
release,1
uninflected,1
sadshe,1
frankly,1
absent,1
threshold,1
sunset,1
salute,1
aspired,1
accessible,1
illuminated,1
baedekers,1
souvenir,1
nightmaregrotesque,1
incredulity,1
promoted,1
function,1
crowdwhen,1
grasp,1
obligingly,1
dogat,1
concentrating,1
grandfathers,1
dresser,1
pity,1
sulkily,1
irs,1
whisperings,1
oppressive,1
sheik,1
altered,1
flock,1
tin,1
employed,1
observed,1
frequent,1
retracted,1
cleared,1
sender,1
production,1
splashing,1
false,1
clergyman,1
prominent,1
2001,1
haunting,1
itsigned,1
truly,1
graceless,1
garagerepairs,1
ut,1
superficial,1
encounter,1
hog,1
danced,1
lookedthe,1
click,1
class,1
giant,1
albany,1
sustained,1
flank,1
supperthere,1
traced,1
blossomed,1
interposed,1
redhaired,1
normal,1
possibilities,1
wreaths,1
successfully,1
knickerbockers,1
bathsintruding,1
implored,1
worldly,1
rotgut,1
lawnmower,1
charges,1
suppressed,1
monstrous,1
whips,1
discordant,1
buys,1
grudging,1
drivers,1
flask,1
trademarkcopyright,1
exists,1
peoplehis,1
nobility,1
embrace,1
rotogravure,1
menagerie,1
disapprove,1
dangles,1
summing,1
sometime,1
lurch,1
borne,1
itindeed,1
platonic,1
doncaster,1
unscrewed,1
theme,1
pessimist,1
earnest,1
lanes,1
nevada,1
asleepshe,1
deck,1
gutter,1
understandingly,1
harshly,1
tobacco,1
glove,1
17,1
metropolitan,1
ventured,1
divisional,1
1d,1
newly,1
matteroffact,1
recent,1
everythinghe,1
tilt,1
youngerwith,1
greater,1
daisyit,1
enjoined,1
howard,1
capitals,1
astonished,1
levity,1
baggage,1
refused,1
paint,1
knuckle,1
abstracted,1
parallel,1
wha,1
pottery,1
circumstance,1
signing,1
oppositethe,1
stock,1
atmosphere,1
delicate,1
outa,1
windshields,1
infinitesimal,1
discreet,1
holly,1
courses,1
quietly,1
swastika,1
unessential,1
machineguns,1
shawls,1
tolerance,1
slipping,1
price,1
wander,1
dealt,1
fresher,1
earthquakes,1
balloon,1
pretences,1
unnecessary,1
owed,1
mattertomorrow,1
lean,1
hospitable,1
cottages,1
aquaplanes,1
merton,1
unsoughtfrequently,1
unthoughtful,1
goldhatted,1
dreamed,1
gift,1
phantom,1
crumbling,1
traction,1
cheat,1
extravagantly,1
partnership,1
satisfactorily,1
sagely,1
collapsed,1
appreciated,1
fish,1
indiscernible,1
chandelier,1
sticky,1
shone,1
myer,1
glaring,1
recovering,1
conducted,1
wished,1
demaine,1
corruptionand,1
endowing,1
foolthats,1
1915,1
furnish,1
whytheres,1
snell,1
wheelhe,1
strength,1
sneering,1
ties,1
follies,1
compared,1
portfolio,1
eludes,1
onewas,1
nicks,1
plaids,1
pretend,1
unsuccessful,1
freshest,1
homecoming,1
ancestors,1
awfully,1
abrupt,1
neat,1
archway,1
brake,1
libertine,1
replace,1
itbut,1
pose,1
fineappearing,1
michaeliss,1
resemble,1
soldier,1
doll,1
hooked,1
bystanders,1
brooding,1
representing,1
chamber,1
noise,1
misunderstanding,1
smoked,1
developing,1
trunk,1
figured,1
mouthpiece,1
lurches,1
opera,1
washrag,1
legend,1
establishment,1
defiance,1
dripping,1
anon,1
legros,1
fly,1
sorrows,1
boredom,1
bores,1
corridors,1
beast,1
commission,1
chatting,1
sceptically,1
ceremony,1
simple,1
tricks,1
300,1
triumphant,1
irregular,1
tapping,1
lately,1
shop,1
yesterday,1
delays,1
authoritative,1
salads,1
collegeone,1
himand,1
desperate,1
caution,1
fans,1
laughing,1
petals,1
snake,1
steeple,1
rung,1
bat,1
secretary,1
checker,1
herding,1
transition,1
gauge,1
reposing,1
sawdust,1
weighing,1
traffic,1
harder,1
sickantired,1
dutch,1
interference,1
chewing,1
demoniac,1
virgins,1
flatfooted,1
beginnings,1
explain,1
sheet,1
modesty,1
albrucksburger,1
combination,1
agreeable,1
revelation,1
napkin,1
fair,1
excitingly,1
dismal,1
clyde,1
entangled,1
theoretical,1
fluttering,1
biscuits,1
health,1
factand,1
terrified,1
fractiousness,1
annoy,1
resourcefulness,1
conduct,1
modern,1
drip,1
daylight,1
bounded,1
distasteful,1
judging,1
experience,1
preserve,1
clumsy,1
millionaire,1
valour,1
authority,1
cassidy,1
quartet,1
aggressive,1
failure,1
temperamentit,1
boulogne,1
suffocating,1
foreign,1
weights,1
coherence,1
explicable,1
montana,1
brittle,1
eventually,1
fruits,1
fondled,1
hopehe,1
scurried,1
contents,1
unrestrained,1
uncles,1
1f5,1
wisconsin,1
authentic,1
gaieties,1
sentimentality,1
lurched,1
disturb,1
carelessly,1
moan,1
intolerable,1
rambling,1
herded,1
barnyard,1
shower,1
unenforceability,1
civilizations,1
da,1
lustily,1
aesthetic,1
unaffected,1
withered,1
dishonesty,1
mumbles,1
spirits,1
guiltyas,1
irritable,1
banjo,1
straightforward,1
dwellings,1
auto,1
tapestry,1
nordics,1
thank,1
urgency,1
horace,1
pap,1
bite,1
tuningfork,1
employee,1
perturbed,1
leaden,1
bug,1
funerals,1
painted,1
easily,1
coasting,1
playfully,1
brothers,1
troubled,1
comforter,1
inspected,1
greatest,1
dying,1
whitebait,1
owleyes,1
